year,month,day,plane_id,scheduled_departure_time_HHMM,actual_departure_time_HHMM,scheduled_arrival_time_HHMM,actual_arrival_time_HHMM,airline_id,origin_airport,destination_airport,distance,pilot_id,pilot_first_name,pilot_last_name
2013,12,27,M784JB,2359,2,445,439,B6,JFK,PSE,1617.3,P0781,Mr. Johan Cervin,Omont
2013,12,27,M589JB,2129,8,22,238,B6,EWR,PBI,1023.8,P0782,Mr. Micheal Francis,Collett
2013,12,28,M796JB,2359,7,445,433,B6,JFK,PSE,1617.8,P0645,Miss. Pieta Sofia,Lines
2013,12,29,M827JB,2359,3,445,448,B6,JFK,PSE,1617.6,P0361,Mr. Carl Olof,Kallio
2013,12,30,N821MQ,1355,1353,1555,1556,MQ,LGA,DTW,502.1,P0002,Mrs. John Bradley,Cumings
