plane_id,plane_type,plane_model,manufacturer,year_manufactured,engines_count,seats_count,engine_type,weight_tonnes
N102UW,Fixed wing multi engine,A320-214,AIRBUS INDUSTRIE,1998,2,182,Turbo-fan,2894
N103US,Fixed wing multi engine,A320-214,AIRBUS INDUSTRIE,1999,2,182,Turbo-fan,4033
N104UW,Fixed wing multi engine,A320-214,AIRBUS INDUSTRIE,1999,2,182,Turbo-fan,7731
M501US,Fixed wing multi engine,757-251,BOEING,1985,2,178,Turbo-jet,7994
M502MJ,Fixed wing multi engine,CL-600-2C10,BOMBARDIER INC,2002,2,80,Turbo-fan,7419
